TURANY,DATE,Y2013,RA2013,14DA2013,Y2014,RA2014,14DA2014,Y2015,RA2015,14DA2015,Y2016,RA2016,14DA2016,Y2017,RA2017,14DA2017,Y2018,RA2018,14DA2018,Y2019,RA2019,14DA2019,Y2020,RA2020,14DA2020,Y2021,RA2021,14DA2021,Y2022,RA2022,14DA2022,Y2023,RA2023,14DA2023
11723099999,3/1/13,0,NaN,NaN,0,NaN,NaN,0,NaN,NaN,0.46,NaN,NaN,0,NaN,NaN,0,NaN,NaN,NaN,NaN,NaN,0.02,NaN,NaN,0,NaN,NaN,0,NaN,NaN,0,NaN,NaN
11723099999,3/2/13,0,NaN,NaN,0,NaN,NaN,0.01,NaN,NaN,0.06,NaN,NaN,0.04,NaN,NaN,NaN,NaN,NaN,0.02,NaN,NaN,0.56,NaN,NaN,0,NaN,NaN,0,NaN,NaN,0,NaN,NaN
11723099999,3/3/13,0,NaN,NaN,0,NaN,NaN,0.21,NaN,NaN,0.04,NaN,NaN,0.02,NaN,NaN,0,NaN,NaN,0,NaN,NaN,0.04,NaN,NaN,0,NaN,NaN,0,NaN,NaN,0,NaN,NaN
11723099999,3/4/13,0,0,NaN,0.01,0.004285714,NaN,0.01,0.032857143,NaN,0.22,0.117142857,NaN,0,0.037142857,NaN,0,0.015,NaN,0.01,0.005,NaN,0.12,0.125714286,NaN,0,0.054285714,NaN,0,0,NaN,0,0,NaN
11723099999,3/5/13,0,0,NaN,0.02,0.004285714,NaN,0,0.032857143,NaN,0,0.074285714,NaN,0,0.037142857,NaN,0,0.015,NaN,0,0.004285714,NaN,0,0.122857143,NaN,0.19,0.054285714,NaN,0,0,NaN,0,0,NaN
11723099999,3/6/13,0,0,NaN,0,0.004285714,NaN,0,0.031428571,NaN,0.03,0.131428571,NaN,0.16,0.045714286,NaN,0.03,0.012857143,NaN,0,0.001428571,NaN,0,0.042857143,NaN,0.19,0.054285714,NaN,0,0,NaN,0,0.002857143,NaN
11723099999,3/7/13,0,0.018571429,0.010714286,0,0.004285714,0.002142857,0,0.001428571,0.032142857,0.01,0.125714286,0.102857143,0.04,0.061428571,0.035,0.06,0.012857143,0.008461538,0,0.017142857,0.042307692,0.14,0.037142857,0.066428571,0,0.054285714,0.037857143,0,0,0,0,0.004285714,0.003571429
11723099999,3/8/13,0,0.018571429,0.010714286,0,0.002857143,0.002142857,0,0,0.047142857,0.16,0.094285714,0.077142857,0,0.061428571,0.035,0,0.012857143,0.008461538,0,0.065714286,0.043571429,0,0.022857143,0.065,0,0.054285714,0.037857143,0,0,0,0,0.007142857,0.006428571
11723099999,3/9/13,0,0.018571429,0.010714286,0,0,0.012857143,0,0.03,0.046428571,0.46,0.094285714,0.072857143,0.1,0.061428571,0.032142857,0,0.012857143,0.009285714,0,0.074285714,0.056428571,0,0.024285714,0.025,0,0.048571429,0.040769231,0,0,0.017857143,0.02,0.007142857,0.006428571
11723099999,3/10/13,0.13,0.018571429,0.010714286,0,0,0.012857143,0,0.031428571,0.031428571,0,0.09,0.07,0.13,0.038571429,0.030714286,0,0.011428571,0.025,0.11,0.074285714,0.057142857,0,0.027142857,0.022142857,0,0.021428571,0.040769231,0,0,0.017857143,0.01,0.007142857,0.006428571
11723099999,3/11/13,0,0.021428571,0.010714286,0,0,0.012142857,0,0.031428571,0.030714286,0,0.088571429,0.054285714,0,0.032857143,0.041428571,0,0.002857143,0.025714286,0.35,0.074285714,0.056428571,0.02,0.007142857,0.013571429,0,0.021428571,0.040769231,0,0,0.017857143,0.02,0.007142857,0.006428571
11723099999,3/12/13,0,0.021428571,0.046428571,0,0,0.015,0.21,0.061428571,0.030714286,0,0.08,0.054285714,0,0.032857143,0.050714286,0,0.002857143,0.025714286,0.06,0.082857143,0.056428571,0.01,0.007142857,0.013571429,0.15,0.021428571,0.074615385,0,0,0.017857143,0,0.012857143,0.006428571
11723099999,3/13/13,0,0.021428571,0.047142857,0,0.021428571,0.015,0.01,0.061428571,0.030714286,0,0.014285714,0.052142857,0,0.018571429,0.047857143,0.02,0.005714286,0.025384615,0,0.111428571,0.056428571,0.02,0.007142857,0.013571429,0,0.025,0.064615385,0,0.035714286,0.017857143,0,0.01,0.006428571
11723099999,3/14/13,0.02,0.002857143,0.051428571,0,0.021428571,0.015,0,0.061428571,0.030714286,0,0.014285714,0.051428571,0,0,0.045,0,0.037142857,0.020769231,0,0.097142857,0.056428571,0,0.007142857,0.006428571,0,0.025,0.064615385,0,0.035714286,0.017857143,0,0.008571429,0.006428571
11723099999,3/15/13,0,0.002857143,0.051428571,0,0.021428571,0.015,0.21,0.061428571,0.030714286,0.1,0.014285714,0.04,0,0.021428571,0.046428571,0,0.038571429,0.020769231,0.06,0.047142857,0.056428571,0,0.004285714,0.006428571,0,0.025,0.066923077,0,0.035714286,0.017857143,0.04,0.005714286,0.006428571
11723099999,3/16/13,0,0.074285714,0.051428571,0.15,0.03,0.015,0,0.031428571,0.030714286,0,0.014285714,0.007142857,0,0.04,0.040714286,0.02,0.038571429,0.020769231,0.2,0.038571429,0.056428571,0,0.002857143,0.006428571,NaN,0.105,0.066923077,0.25,0.035714286,0.017857143,0,0.005714286,0.005
11723099999,3/17/13,0,0.075714286,0.042142857,0,0.03,0.025,0,0.03,0.030714286,0,0.014285714,0.007857143,0,0.057142857,0.031428571,0.22,0.041666667,0.020769231,0.01,0.038571429,0.048571429,0,0,0.006428571,0,0.115,0.066923077,0,0.035714286,0.017857143,0,0.005714286,0.004285714
11723099999,3/18/13,0,0.081428571,0.042142857,0,0.03,0.025,0,0.03,0.030714286,0,0.014285714,0.007857143,0.15,0.057142857,0.031428571,0.01,0.041666667,0.020769231,0,0.038571429,0.023571429,0,0.005714286,0.005,0,0.115,0.066923077,0,0.035714286,0.017857143,0,0.005714286,0.005
11723099999,3/19/13,0.5,0.081428571,0.043571429,0.06,0.03,0.025,0,0,0.017857143,0,0,0.010714286,0.13,0.06,0.031428571,0,0.041666667,0.020769231,0,0.03,0.023571429,0,0.005714286,0.004285714,0.63,0.12,0.055384615,0,0.035714286,0.017857143,0,0,0.006428571
11723099999,3/20/13,0.01,0.081428571,0.044285714,0,0.008571429,0.025,0,0,0.022142857,0,0,0.010714286,0.12,0.062857143,0.031428571,NaN,0.038333333,0.020833333,0,0.001428571,0.023571429,0,0.005714286,0.002857143,0.06,0.102857143,0.055384615,0,0,0.017857143,0,0,0.007142857
11723099999,3/21/13,0.06,0.081428571,0.042857143,0,0.028571429,0.025,0,0,0.023571429,0,0.001428571,0.010714286,0,0.062857143,0.031428571,0,0.001666667,0.020833333,0,0,0.023571429,0.04,0.005714286,0.002857143,0,0.102857143,0.056153846,0,0,0.017857143,0,0,0.007142857
11723099999,3/22/13,0,0.081428571,0.051428571,0,0.028571429,0.025,0,0,0.008571429,0,0.001428571,0.003571429,0.02,0.041428571,0.031428571,0,0,0.0325,0,0,0.019285714,0,0.005714286,0.002857143,0.03,0.102857143,0.056153846,0,0,0.017857143,0,0.004285714,0.004285714
11723099999,3/23/13,0,0.012857143,0.065,0,0.02,0.014285714,0,0.004285714,0.015714286,0,0.007142857,0.003571429,0.02,0.022857143,0.031428571,0,0,0.030833333,0,0.008571429,0.005,0,0.005714286,0.002857143,0,0.012857143,0.052857143,0,0,0.003571429,0,0.007142857,0.005714286
11723099999,3/24/13,0,0.012857143,0.071428571,0.14,0.02,0.014285714,0,0.014285714,0.016428571,0.01,0.007142857,0.003571429,0,0.005714286,0.031428571,0,0,0.0125,0,0.008571429,0.004285714,0,0.005714286,0.002857143,0,0.004285714,0.052857143,0,0,0.004285714,0,0.008571429,0.024285714
11723099999,3/25/13,0,0.004285714,0.081428571,0,0.02,0.014285714,0,0.017142857,0.044285714,0,0.007142857,0.003571429,0,0.005714286,0.020714286,0,0,0.0425,0,0.008571429,0.004285714,0,0,0.003571429,0,0.005714286,0.052857143,0,0,0.015,0.03,0.008571429,0.032142857
11723099999,3/26/13,0.02,0.021428571,0.045714286,0,0.02,0.01,0.03,0.017142857,0.053571429,0.04,0.007142857,0.003571429,0,0.002857143,0.011428571,0,0.023333333,0.0425,0.06,0.008571429,0.004285714,0,0,0.003571429,0,0.001428571,0.007857143,0,0,0.015,0.02,0.008571429,0.033571429
11723099999,3/27/13,0.01,0.048571429,0.045,0,0.02,0.01,0.07,0.031428571,0.055714286,0,0.007142857,0.003571429,0,0,0.002857143,NaN,0.023333333,0.039230769,0,0.008571429,0.004285714,0,0,0.003571429,0,0.002857143,0.003571429,0,0.007142857,0.015,0.01,0.011428571,0.036428571
11723099999,3/28/13,0,0.061428571,0.040714286,0,0,0.01,0.02,0.032857143,0.055714286,0,0.005714286,0.003571429,0,0,0.002857143,0,0.023333333,0.039230769,0,0.008571429,0.004285714,0,0,0.000714286,0.01,0.002857143,0.009285714,0,0.008571429,0.015,0,0.048571429,0.036428571
11723099999,3/29/13,0.12,0.081428571,0.040714286,0,0,0.01,0,0.088571429,0.055714286,0,0.005714286,0.003571429,0,0,0.001428571,0.14,0.085,0.039230769,0,0.008571429,0.004285714,0,0.001428571,0.000714286,0,0.002857143,0.007142857,0,0.03,0.015714286,0,0.06,0.036428571
11723099999,3/30/13,0.19,0.078571429,0.052857143,0,0,0.01,0.1,0.102857143,0.055714286,0,0,0.003571429,0,0,0.001428571,0,0.085,0.040769231,0,0,0.014285714,0,0.001428571,0.000714286,0.01,0.002857143,0.007142857,0.05,0.03,0.015714286,0.02,0.06,0.036428571
11723099999,3/31/13,0.09,0.077142857,0.052857143,0,0,0.001428571,0.01,0.097142857,0.056428571,0,0,0.004285714,0,0,0.002857143,0,0.072857143,0.040769231,0,0,0.014285714,0,0.001428571,0.000714286,0,0.002857143,0.007857143,0.01,0.03,0.017142857,0.26,0.064285714,0.036428571
11723099999,4/1/13,0.14,0.077142857,0.052857143,0,0,0.001428571,0.39,0.094285714,0.056428571,0,0,0.013571429,0,0,0.007142857,0.37,0.072857143,0.040769231,0,0,0.014285714,0.01,0.001428571,0.000714286,0,0.012857143,0.007857143,0.15,0.03,0.017142857,0.11,0.064285714,0.057142857
11723099999,4/2/13,0,0.06,0.051428571,0,0,0.011428571,0.13,0.094285714,0.054285714,0,0,0.047857143,0,0,0.007142857,0,0.052857143,0.040769231,0,0,0.01,0,0.001428571,0.000714286,0,0.012857143,0.007857143,0,0.031428571,0.033571429,0.02,0.064285714,0.060714286
11723099999,4/3/13,0,0.057142857,0.052857143,0,0,0.011428571,0.03,0.08,0.049285714,0,0,0.066428571,0,0.002857143,0.007142857,0,0.055714286,0.037857143,0,0.02,0.01,0,0.001428571,0.000714286,0,0.011428571,0.007857143,0,0.024285714,0.033571429,0.04,0.061428571,0.060714286
11723099999,4/4/13,0,0.044285714,0.057142857,0,0.002857143,0.016428571,0,0.08,0.047857143,0,0.002857143,0.069285714,0,0.005714286,0.02,0,0.055714286,0.037857143,0,0.02,0.010714286,0,0.001428571,0.000714286,0.08,0.012857143,0.007142857,0,0.025714286,0.033571429,0,0.024285714,0.060714286
11723099999,4/5/13,0,0.024285714,0.048571429,0,0.002857143,0.016428571,0,0.024285714,0.054285714,0,0.021428571,0.069285714,0,0.014285714,0.02,0,0.002857143,0.027857143,0,0.02,0.010714286,0,0,0.000714286,0,0.012857143,0.007142857,0.01,0.004285714,0.033571429,0,0.054285714,0.078571429
11723099999,4/6/13,0.17,0.024285714,0.039285714,0,0.022857143,0.016428571,0,0.005714286,0.047142857,0,0.095714286,0.069285714,0.02,0.014285714,0.02,0.02,0.002857143,0.054285714,0.14,0.02,0.010714286,0,0,0.000714286,0,0.012857143,0.028571429,0,0.037142857,0.03,0,0.061428571,0.077857143
11723099999,4/7/13,0,0.028571429,0.032857143,0.02,0.022857143,0.016428571,0.01,0.001428571,0.046428571,0.02,0.132857143,0.075714286,0.02,0.014285714,0.024285714,0,0.002857143,0.054285714,0,0.02,0.013571429,0,0,0.017857143,0.01,0.012857143,0.035714286,0.02,0.037142857,0.029285714,0,0.057142857,0.140714286
11723099999,4/8/13,0,0.037142857,0.022857143,0,0.032857143,0.024285714,0,0.001428571,0.018571429,0.13,0.138571429,0.075714286,0.06,0.04,0.024285714,0,0.002857143,0.027857143,0,0.021428571,0.015,0,0,0.017142857,0,0.001428571,0.035714286,0,0.037142857,0.021428571,0.32,0.057142857,0.195
11723099999,4/9/13,0,0.037142857,0.022857143,0.14,0.032857143,0.032142857,0,0.014285714,0.009285714,0.52,0.138571429,0.075714286,0,0.04,0.025714286,0,0.002857143,0.032857143,0,0.021428571,0.015,0,0,0.017142857,0,0.001428571,0.037142857,0.23,0.035714286,0.021428571,0.07,0.092857143,0.195
11723099999,4/10/13,0.03,0.021428571,0.022857143,0,0.032857143,0.032142857,0,0.014285714,0.007142857,0.26,0.138571429,0.075714286,0,0.037142857,0.025714286,0,0.052857143,0.032857143,0,0.001428571,0.015,0,0,0.017142857,0,0.045714286,0.037142857,0,0.035714286,0.021428571,0.01,0.094285714,0.192857143
11723099999,4/11/13,0.06,0.021428571,0.022857143,0.07,0.03,0.032142857,0,0.012857143,0.008571429,0.04,0.148571429,0.090714286,0.18,0.042857143,0.064285714,0,0.052857143,0.032857143,0.01,0.007142857,0.015,0,0.034285714,0.017142857,0,0.058571429,0.031428571,0,0.032857143,0.021428571,0,0.257142857,0.192857143
11723099999,4/12/13,0,0.021428571,0.024285714,0,0.045714286,0.032142857,0.09,0.012857143,0.008571429,0,0.13,0.090714286,0,0.034285714,0.064285714,0,0.052857143,0.032857143,0,0.01,0.015,0,0.034285714,0.033571429,0,0.058571429,0.032142857,0,0.038571429,0.020714286,0.25,0.335714286,0.195714286
11723099999,4/13/13,0.06,0.021428571,0.034285714,0,0.041428571,0.032142857,0,0.012857143,0.008571429,0,0.055714286,0.090714286,0,0.037142857,0.070714286,0.37,0.062857143,0.031428571,0,0.01,0.005,0,0.034285714,0.034285714,0.31,0.061428571,0.038571429,0,0.005714286,0.022142857,0.01,0.328571429,0.197142857
11723099999,4/14/13,0,0.017142857,0.034285714,0,0.041428571,0.037142857,0,0.012857143,0.007857143,0.09,0.018571429,0.089285714,0.06,0.037142857,0.069285714,0,0.062857143,0.031428571,0.04,0.01,0.005,0.24,0.034285714,0.034285714,0.1,0.061428571,0.039285714,0,0.005714286,0.020714286,1.14,0.328571429,0.197142857
11723099999,4/15/13,0,0.008571429,0.034285714,0.11,0.031428571,0.037142857,0,0.015714286,0.007857143,0,0.042857143,0.08,0,0.088571429,0.065,0,0.062857143,0.031428571,0.02,0.008571429,0.005,0,0.034285714,0.034285714,0,0.061428571,0.040714286,0.04,0.005714286,0.020714286,0.87,0.328571429,0.174285714
11723099999,4/16/13,0,0.011428571,0.034285714,0.11,0.031428571,0.044285714,0,0.002857143,0.007857143,0,0.042857143,0.042857143,0.02,0.088571429,0.065,0.07,0.062857143,0.031428571,0,0.008571429,0.005,0,0.067142857,0.034285714,0.02,0.062857143,0.044285714,0,0.005714286,0.009285714,0.02,0.298571429,0.169285714
11723099999,4/17/13,0,0.047142857,0.032142857,0,0.031428571,0.045714286,0,0.002857143,0.007857143,0,0.042857143,0.027142857,0,0.104285714,0.065,0,0.01,0.032857143,0,0.008571429,0.012857143,0,0.068571429,0.034285714,0,0.031428571,0.044285714,0,0.008571429,0.010714286,0.01,0.3,0.169285714
11723099999,4/18/13,0,0.047142857,0.027857143,0,0.044285714,0.042857143,0.02,0.002857143,0.007857143,0.21,0.03,0.024285714,0.54,0.095714286,0.052142857,0,0.01,0.032857143,0,0.002857143,0.012142857,0,0.034285714,0.034285714,0,0.02,0.044285714,0,0.008571429,0.014285714,0,0.137142857,0.17
11723099999,4/19/13,0.02,0.047142857,0.027857143,0,0.028571429,0.044285714,0,0.002857143,0.001428571,0,0.03,0.024285714,0,0.095714286,0.054285714,0,0.01,0.034285714,0,0,0.012142857,0.23,0.034285714,0.034285714,0.01,0.022857143,0.044285714,0,0.002857143,0.020714286,0.04,0.012857143,0.155
11723099999,4/20/13,0.31,0.047142857,0.023571429,0,0.047142857,0.044285714,0,0.002857143,0.001428571,0,0.03,0.030714286,0.11,0.092857143,0.063571429,0,0,0.007857143,0,0,0.012857143,0.01,0.034285714,0.034285714,0.09,0.027142857,0.022142857,0.02,0.012857143,0.020714286,0.02,0.01,0.154285714
11723099999,4/21/13,0,0.047142857,0.023571429,0.09,0.05,0.044285714,0,0.002857143,0.001428571,0,0.035714286,0.025714286,0,0.092857143,0.085714286,0,0.002857143,0.007857143,0,0.015714286,0.01,0,0.034285714,0.017142857,0.02,0.027142857,0.015,0,0.015714286,0.020714286,0,0.01,0.072857143
11723099999,4/22/13,0,0.047142857,0.023571429,0,0.054285714,0.036428571,0,0,0.007857143,0,0.005714286,0.025714286,0,0.015714286,0.093571429,0,0.002857143,0.007857143,0,0.015714286,0.015714286,0,0.034285714,0.017142857,0.02,0.027142857,0.015,0,0.022857143,0.017857143,0,0.011428571,0.012857143
11723099999,4/23/13,0,0.044285714,0.023571429,0.24,0.057142857,0.028571429,0,0,0.007857143,0,0.005714286,0.025714286,0,0.02,0.092857143,0,0.005714286,0.002857143,0,0.015714286,0.031428571,0,0.001428571,0.017857143,0.05,0.025714286,0.018571429,0.07,0.035714286,0.017857143,0,0.011428571,0.047142857
11723099999,4/24/13,0,0,0.023571429,0.02,0.057142857,0.029285714,0,0,0.010714286,0.04,0.018571429,0.025714286,0,0.022857143,0.092857143,0.02,0.005714286,0.002857143,0.11,0.017142857,0.036428571,0,0,0.021428571,0,0.012857143,0.018571429,0.02,0.032857143,0.017857143,0.01,0.008571429,0.046428571
11723099999,4/25/13,0,0,0.023571429,0.03,0.044285714,0.029285714,0,0,0.022142857,0,0.021428571,0.010714286,0,0.075714286,0.055,0,0.005714286,0.002857143,0,0.017142857,0.036428571,0,0,0.033571429,0,0.01,0.043571429,0.05,0.032857143,0.017857143,0.01,0.008571429,0.046428571
11723099999,4/26/13,0,0,0.023571429,0.02,0.044285714,0.068571429,0,0.012857143,0.022142857,0,0.021428571,0.011428571,0.03,0.091428571,0.055,0.02,0.005714286,0.016428571,0,0.031428571,0.038571429,0,0,0.021428571,0,0.007142857,0.042857143,0.09,0.032857143,0.017857143,0.04,0.012857143,0.045
11723099999,4/27/13,0,0,0.070714286,0,0.01,0.068571429,0,0.012857143,0.023571429,0.09,0.021428571,0.039285714,0.13,0.092857143,0.085714286,0,0.005714286,0.016428571,0.01,0.062857143,0.04,0,0.001428571,0.021428571,0,0.01,0.036428571,0,0.022857143,0.016428571,0,0.084285714,0.043571429
11723099999,4/28/13,0,0,0.093571429,0,0.008571429,0.062142857,0,0.018571429,0.023571429,0.02,0.015714286,0.039285714,0.37,0.092857143,0.085714286,0,0.002857143,0.016428571,0,0.057142857,0.049285714,0,0.008571429,0.030714286,0,0.01,0.035,0,0.02,0.024285714,0,0.082857143,0.043571429
11723099999,4/29/13,0,0,0.095714286,0,0.004285714,0.062142857,0.09,0.044285714,0.026428571,0,0.015714286,0.039285714,0.11,0.094285714,0.092142857,0,0.002857143,0.016428571,0.1,0.057142857,0.049285714,0,0.032857143,0.030714286,0,0.06,0.037857143,0,0.012857143,0.024285714,0.03,0.081428571,0.043571429
11723099999,4/30/13,0,0.002857143,0.107142857,0,0.08,0.045,0,0.044285714,0.027857143,0,0.017142857,0.039285714,0.01,0.09,0.092142857,0,0.027142857,0.016428571,0.22,0.061428571,0.049285714,0.01,0.041428571,0.030714286,0.07,0.06,0.035,0,0,0.020714286,0.5,0.078571429,0.057857143
11723099999,5/1/13,0,0.141428571,0.131428571,0.01,0.08,0.065,0.04,0.047142857,0.027857143,0,0.06,0.036428571,0,0.148571429,0.110714286,0,0.027142857,0.015,0.07,0.062857143,0.041428571,0.05,0.042857143,0.030714286,0,0.06,0.035,0,0,0.019285714,0,0.078571429,0.057142857
11723099999,5/2/13,0,0.187142857,0.131428571,0,0.08,0.065714286,0.18,0.047142857,0.027857143,0,0.057142857,0.036428571,0.01,0.095714286,0.113571429,0,0.027142857,0.015,0,0.081428571,0.042857143,0.17,0.061428571,0.030714286,0.35,0.06,0.035,0,0.015714286,0.015714286,0,0.078571429,0.056428571
11723099999,5/3/13,0.02,0.191428571,0.131428571,0.55,0.08,0.077142857,0,0.04,0.047142857,0.01,0.057142857,0.036428571,0,0.092857143,0.111428571,0.19,0.027142857,0.015,0.03,0.067142857,0.058571429,0.06,0.061428571,0.030714286,0,0.068571429,0.035,0,0.015714286,0.009285714,0.02,0.074285714,0.053571429
11723099999,5/4/13,0.97,0.214285714,0.143571429,0,0.08,0.078571429,0.02,0.042857143,0.047142857,0.39,0.057142857,0.03,0.54,0.091428571,0.102142857,0,0.027142857,0.025,0.02,0.035714286,0.057857143,0.01,0.06,0.030714286,0,0.06,0.035,0,0.018571429,0.009285714,0,0.031428571,0.053571429
11723099999,5/5/13,0.32,0.262857143,0.172857143,0,0.121428571,0.112857143,0,0.037142857,0.047142857,0,0.057142857,0.028571429,0,0.128571429,0.075714286,0,0.027142857,0.025,0.13,0.025714286,0.080714286,0.13,0.052857143,0.035714286,0,0.06,0.035,0.11,0.018571429,0.009285714,0,0.031428571,0.053571429
11723099999,5/6/13,0.03,0.262857143,0.208571429,0,0.127142857,0.112857143,0.04,0.011428571,0.047142857,0,0.057142857,0.045714286,0.09,0.132857143,0.079285714,0,0.027142857,0.025,0,0.028571429,0.073571429,0,0.028571429,0.035714286,0.06,0.01,0.068571429,0,0.018571429,0.009285714,0,0.031428571,0.057857143
11723099999,5/7/13,0.16,0.26,0.208571429,0,0.074285714,0.12,0.02,0.05,0.052142857,0,0.055714286,0.067142857,0,0.132857143,0.094285714,0,0.002857143,0.025,0,0.055714286,0.057857143,0,0.02,0.070714286,0.01,0.01,0.156428571,0.02,0.018571429,0.009285714,0.2,0.028571429,0.022857143
11723099999,5/8/13,0.34,0.145714286,0.208571429,0.3,0.077142857,0.119285714,0,0.047142857,0.049285714,0,0,0.067142857,0.26,0.055714286,0.094285714,0,0.022857143,0.025714286,0,0.052857143,0.052857143,0,0.018571429,0.07,0,0.01,0.161428571,0,0.018571429,0.009285714,0,0.028571429,0.057142857
11723099999,5/9/13,0,0.158571429,0.208571429,0.04,0.145714286,0.120714286,0,0.047142857,0.036428571,0,0,0.067142857,0.04,0.055714286,0.100714286,0,0.022857143,0.047857143,0.02,0.08,0.067857143,0,0.01,0.084285714,0,0.01,0.166428571,0,0.002857143,0.009285714,0,0.028571429,0.064285714
11723099999,5/10/13,0,0.225714286,0.207142857,0.18,0.145714286,0.095,0.27,0.054285714,0.036428571,0,0.034285714,0.067857143,0,0.065714286,0.100714286,0.02,0.022857143,0.040714286,0.22,0.08,0.065714286,0,0.01,0.08,0,0.068571429,0.166428571,0,0.002857143,0.01,0,0.041428571,0.103571429
11723099999,5/11/13,0.17,0.202857143,0.142142857,0.02,0.16,0.12,0,0.061428571,0.035,0,0.077142857,0.041428571,0,0.097142857,0.062142857,0.14,0.022857143,0.067142857,0,0.08,0.064285714,0,0.081428571,0.079285714,0,0.252857143,0.174285714,0,0,0.044285714,0,0.014285714,0.120714286
11723099999,5/12/13,0.41,0.154285714,0.120714286,0.48,0.117142857,0.128571429,0,0.061428571,0.035,0,0.077142857,0.041428571,0,0.06,0.062142857,0,0.024285714,0.067142857,0.32,0.08,0.055,0.07,0.087142857,0.07,0,0.262857143,0.174285714,0,0,0.036428571,0,0.082857143,0.120714286
11723099999,5/13/13,0.5,0.154285714,0.181428571,0,0.114285714,0.128571429,0.09,0.061428571,0.037142857,0.24,0.077142857,0.041428571,0.16,0.068571429,0.055714286,0,0.068571429,0.080714286,0,0.107142857,0.075,0,0.14,0.07,0.47,0.322857143,0.189285714,0,0,0.036428571,0.09,0.097142857,0.120714286
11723099999,5/14/13,0,0.154285714,0.17,0.1,0.115714286,0.128571429,0.07,0.022857143,0.043571429,0.3,0.08,0.045,0.22,0.068571429,0.055714286,0,0.078571429,0.080714286,0,0.075714286,0.086428571,0.5,0.14,0.07,1.3,0.322857143,0.191428571,0,0.001428571,0.042857143,0.01,0.178571429,0.106428571
11723099999,5/15/13,0,0.138571429,0.172857143,0,0.162857143,0.107142857,0,0.022857143,0.043571429,0,0.082857143,0.045,0,0.068571429,0.037142857,0.01,0.111428571,0.080714286,0,0.075714286,0.107857143,0.04,0.14,0.07,0.07,0.338571429,0.196428571,0,0.07,0.042857143,0.48,0.212857143,0.106428571
11723099999,5/16/13,0,0.082857143,0.178571429,0.02,0.111428571,0.104285714,0,0.022857143,0.043571429,0,0.082857143,0.045,0.1,0.068571429,0.034285714,0.31,0.111428571,0.080714286,0.21,0.03,0.122857143,0.37,0.13,0.080714286,0.42,0.338571429,0.205,0,0.07,0.042857143,0.1,0.212857143,0.106428571
11723099999,5/17/13,0,0.137142857,0.178571429,0.19,0.111428571,0.092857143,0,0.02,0.072142857,0.02,0.048571429,0.045,0,0.045714286,0.041428571,0.09,0.138571429,0.116428571,0,0.07,0.107857143,0,0.13,0.147857143,0,0.31,0.206428571,0.01,0.07,0.043571429,0.57,0.2,0.134285714
11723099999,5/18/13,0.06,0.137142857,0.173571429,0.35,0.097142857,0.091428571,0,0.025714286,0.072857143,0.02,0.012857143,0.052857143,0,0.014285714,0.041428571,0.37,0.138571429,0.107142857,0,0.092857143,0.107857143,0,0.058571429,0.148571429,0.11,0.13,0.219285714,0.48,0.085714286,0.125714286,0.24,0.198571429,0.134285714
11723099999,5/19/13,0.02,0.191428571,0.156428571,0.12,0.097142857,0.057142857,0,0.025714286,0.072857143,0,0.012857143,0.052857143,0,0.014285714,0.041428571,0,0.137142857,0.107142857,0,0.135714286,0.085,0,0.052857143,0.146428571,0,0.13,0.221428571,0,0.085714286,0.155,0,0.13,0.134285714
11723099999,5/20/13,0.88,0.202857143,0.120714286,0,0.094285714,0.062142857,0.07,0.025714286,0.075714286,0,0.012857143,0.035714286,0,0,0.03,0.19,0.092857143,0.107142857,0.28,0.138571429,0.085,0,0.021428571,0.160714286,0.27,0.087142857,0.189285714,0,0.085714286,0.155,0,0.115714286,0.127857143
11723099999,5/21/13,0,0.202857143,0.125,0,0.07,0.056428571,0.11,0.121428571,0.070714286,0.05,0.01,0.032857143,0,0.014285714,0.014285714,0,0.154285714,0.107142857,0.16,0.14,0.104285714,0,0.155714286,0.125,0.04,0.09,0.096428571,0.11,0.085714286,0.155,0,0.09,0.127142857
11723099999,5/22/13,0.38,0.208571429,0.125,0,0.02,0.056428571,0,0.122857143,0.070714286,0,0.022857143,0.057857143,0,0.014285714,0.014285714,0,0.102857143,0.106428571,0.3,0.14,0.155714286,0,0.157142857,0.122142857,0.07,0.1,0.091428571,0,0.181428571,0.155,0,0.055714286,0.092857143
11723099999,5/23/13,0.08,0.23,0.126428571,0,0.002857143,0.085,0,0.122857143,0.072142857,0,0.022857143,0.057857143,0,0.014285714,0.007142857,0,0.102857143,0.084285714,0.23,0.14,0.140714286,0.15,0.162857143,0.095714286,0.12,0.104285714,0.061428571,0,0.24,0.156428571,0,0.055714286,0.085714286
11723099999,5/24/13,0,0.104285714,0.172142857,0.02,0.012857143,0.071428571,0.67,0.131428571,0.085,0,0.022857143,0.056428571,0.1,0.014285714,0.023571429,0.52,0.075714286,0.077857143,0.01,0.1,0.140714286,0.94,0.191428571,0.098571429,0.02,0.068571429,0.061428571,0.01,0.24,0.155714286,0.39,0.055714286,0.045
11723099999,5/25/13,0.1,0.112857143,0.17,0,0.015714286,0.05,0.01,0.115714286,0.085,0.11,0.052857143,0.055,0,0.014285714,0.023571429,0.01,0.075714286,0.051428571,0,0.115714286,0.140714286,0.01,0.191428571,0.102142857,0.18,0.062857143,0.053571429,1.15,0.224285714,0.150714286,0,0.055714286,0.027857143
11723099999,5/26/13,0.17,0.058571429,0.182857143,0,0.015714286,0.041428571,0,0.115714286,0.085,0,0.102857143,0.064285714,0,0.014285714,0.023571429,0,0.075714286,0.052857143,0,0.175714286,0.140714286,0.04,0.191428571,0.102142857,0.03,0.052857143,0.053571429,0.41,0.224285714,0.157142857,0,0.055714286,0.027857143
11723099999,5/27/13,0,0.05,0.132857143,0.07,0.075714286,0.041428571,0.13,0.118571429,0.08,0,0.102857143,0.07,0,0.014285714,0.023571429,0,0.075714286,0.039285714,0,0.142857143,0.120714286,0.2,0.17,0.105,0.02,0.035714286,0.034285714,0,0.227142857,0.157142857,0,0.055714286,0.027857143
11723099999,5/28/13,0.06,0.141428571,0.169285714,0.02,0.072857143,0.045714286,0,0.048571429,0.072142857,0.26,0.102857143,0.066428571,0,0.032857143,0.023571429,0,0.001428571,0.043571429,0.27,0.141428571,0.109285714,0,0.041428571,0.105,0,0.032857143,0.031428571,0,0.225714286,0.149285714,0,0,0.027857143
11723099999,5/29/13,0,0.131428571,0.148571429,0,0.08,0.045714286,0,0.047142857,0.072142857,0.35,0.087142857,0.066428571,0,0.032857143,0.023571429,0,0,0.043571429,0.72,0.141428571,0.087857143,0,0.047142857,0.112857143,0,0.007142857,0.026428571,0,0.12,0.15,0,0,0.028571429
11723099999,5/30/13,0.02,0.135714286,0.142857143,0.42,0.08,0.045714286,0.02,0.047142857,0.072142857,0,0.105714286,0.066428571,0,0.032857143,0.023571429,0,0.002857143,0.044285714,0,0.141428571,0.071428571,0,0.041428571,0.122142857,0,0.002857143,0.018571429,0.02,0.074285714,0.153571429,0,0,0.038571429
11723099999,5/31/13,0.64,0.161428571,0.142857143,0,0.07,0.044285714,0.18,0.028571429,0.024285714,0,0.117142857,0.066428571,0.23,0.032857143,0.025714286,0,0.002857143,0.007142857,0,0.141428571,0.162142857,0.04,0.018571429,0.055,0,0,0.017142857,0,0.074285714,0.157857143,0,0,0.015714286
11723099999,6/1/13,0.03,0.225714286,0.135714286,0.05,0.075714286,0.044285714,0,0.028571429,0.023571429,0,0.08,0.058571429,0,0.032857143,0.030714286,0,0.011428571,0.009285714,0,0.102857143,0.162142857,0.05,0.018571429,0.059285714,0,0,0.004285714,0.41,0.074285714,0.083571429,0,0,0.026428571
11723099999,6/2/13,0.2,0.238571429,0.123571429,0,0.075714286,0.044285714,0,0.028571429,0.023571429,0.13,0.03,0.058571429,0,0.032857143,0.030714286,0.02,0.011428571,0.02,0,0,0.162142857,0,0.034285714,0.056428571,0,0,0.002142857,0.09,0.075714286,0.060714286,0,0.001428571,0.027857143
11723099999,6/3/13,0.18,0.235714286,0.123571429,0,0.015714286,0.039285714,0,0.025714286,0.014285714,0.08,0.03,0.172142857,0,0.032857143,0.044285714,0,0.012857143,0.02,0,0,0.162142857,0.04,0.074285714,0.042857143,0,0.001428571,0.001428571,0,0.08,0.074285714,0,0.021428571,0.039285714
11723099999,6/4/13,0.51,0.144285714,0.150714286,0.06,0.015714286,0.037857143,0,0,0.014285714,0,0.03,0.153571429,0,0.018571429,0.045714286,0.06,0.012857143,0.02,0,0.182857143,0.142857143,0,0.068571429,0.061428571,0,0.001428571,0.001428571,0,0.09,0.074285714,0,0.031428571,0.039285714
11723099999,6/5/13,0.09,0.14,0.16,0,0.008571429,0.037857143,0,0,0.014285714,0,0.03,0.128571429,0,0.028571429,0.045714286,0,0.018571429,0.05,0,0.182857143,0.091428571,0.11,0.071428571,0.061428571,0,0.001428571,0.006428571,0.01,0.047142857,0.074285714,0.01,0.052857143,0.039285714
11723099999,6/6/13,0,0.111428571,0.158571429,0,0.008571429,0.007857143,0,0,0.012857143,0,0.011428571,0.128571429,0,0.028571429,0.045714286,0.01,0.037142857,0.057142857,0,0.182857143,0.091428571,0.28,0.071428571,0.061428571,0.01,0.001428571,0.012142857,0.05,0.047142857,0.072857143,0.14,0.055714286,0.039285714
11723099999,6/7/13,0,0.085714286,0.112857143,0,0.008571429,0.007857143,0,0,0.043571429,0,0.227142857,0.136428571,0.13,0.055714286,0.029285714,0,0.037142857,0.057142857,1.28,0.182857143,0.091428571,0,0.067142857,0.075714286,0,0.002857143,0.012142857,0.07,0.074285714,0.085,0.07,0.078571429,0.039285714
11723099999,6/8/13,0,0.075714286,0.110714286,0,0,0.004285714,0,0,0.064285714,0,0.227142857,0.136428571,0.07,0.058571429,0.029285714,0.04,0.028571429,0.057142857,0,0.182857143,0.091428571,0.07,0.104285714,0.095,0,0.002857143,0.012142857,0.11,0.074285714,0.055714286,0.15,0.078571429,0.040714286
11723099999,6/9/13,0,0.081428571,0.108571429,0,0,0.004285714,0,0,0.07,0,0.227142857,0.144285714,0,0.058571429,0.032142857,0.15,0.088571429,0.055714286,0,0.182857143,0.091428571,0,0.088571429,0.095,0,0.012857143,0.012142857,0.09,0.072857143,0.049285714,0.02,0.077142857,0.040714286
11723099999,6/10/13,0,0.081428571,0.095714286,0,0,0.004285714,0,0,0.07,1.59,0.227142857,0.14,0.19,0.058571429,0.055,0,0.101428571,0.055714286,0,0.182857143,0.091428571,0.01,0.048571429,0.092142857,0.01,0.022857143,0.012142857,0.19,0.065714286,0.087142857,0.16,0.057142857,0.040714286
11723099999,6/11/13,0.44,0.081428571,0.059285714,0,0,0,0,0.087142857,0.07,0,0.242857143,0.14,0.02,0.04,0.055714286,0,0.101428571,0.051428571,0,0,0.091428571,0.26,0.082857143,0.1,0,0.022857143,0.012142857,0,0.08,0.087142857,0,0.047142857,0.049285714
11723099999,6/12/13,0.13,0.081428571,0.052857143,0,0,0,0,0.128571429,0.070714286,0,0.242857143,0.14,0,0.03,0.055714286,0.42,0.095714286,0.051428571,0,0,0.091428571,0,0.118571429,0.130714286,0.07,0.022857143,0.012142857,0,0.064285714,0.086428571,0,0.028571429,0.048571429
11723099999,6/13/13,0,0.105714286,0.052857143,0,0,0.002857143,0,0.14,0.071428571,0,0.277142857,0.16,0,0.035714286,0.055714286,0.1,0.074285714,0.050714286,0,0,0.12,0,0.118571429,0.134285714,0.08,0.022857143,0.011428571,0,0.051428571,0.082857143,0,0.025714286,0.038571429
11723099999,6/14/13,0,0.105714286,0.052857143,0,0,0.002857143,0.61,0.14,0.076428571,0.11,0.052857143,0.173571429,0,0.054285714,0.046428571,0,0.074285714,0.050714286,0,0,0.045714286,0.24,0.117142857,0.182142857,0,0.021428571,0.011428571,0.17,0.1,0.083571429,0,0.002857143,0.033571429
11723099999,6/15/13,0,0.042857143,0.066428571,0,0,0.002857143,0.29,0.14,0.076428571,0,0.052857143,0.173571429,0,0.052857143,0.041428571,0,0.074285714,0.050714286,0,0,0.045714286,0.32,0.095714286,0.181428571,0,0.021428571,0.102142857,0,0.1,0.075714286,0.02,0.02,0.041428571
11723099999,6/16/13,0.17,0.024285714,0.067142857,0,0,0.002857143,0.08,0.141428571,0.118571429,0.24,0.052857143,0.173571429,0.04,0.052857143,0.075,0,0.014285714,0.04,0,0,0.112857143,0,0.172857143,0.181428571,0,0.011428571,0.159285714,0,0.1,0.069285714,0,0.02,0.04
11723099999,6/17/13,0,0.024285714,0.092857143,0,0.005714286,0.002857143,0,0.142857143,0.118571429,0.02,0.092857143,0.06,0.32,0.052857143,0.061428571,0,0,0.041428571,0,0.057142857,0.117142857,0,0.22,0.180714286,0,0,0.158571429,0.53,0.1,0.055714286,0,0.02,0.028571429
11723099999,6/18/13,0,0.024285714,0.187857143,0,0.005714286,0.002857143,0,0.065714286,0.118571429,0,0.104285714,0.06,0.01,0.052857143,0.06,0,0,0.044615385,0,0.091428571,0.117142857,0.11,0.281428571,0.199285714,0,0,0.203571429,0,0.087142857,0.067142857,0.12,0.02,0.028571429
11723099999,6/19/13,0,0.051428571,0.178571429,0,0.005714286,0.022857143,0.01,0.024285714,0.118571429,0,0.104285714,0.067142857,0,0.052857143,0.062857143,0,0.005714286,0.012307692,0,0.091428571,0.117142857,0.54,0.244285714,0.219285714,0,0.181428571,0.198571429,0,0.087142857,0.067142857,0,0.054285714,0.028571429
11723099999,6/20/13,0,0.028571429,0.18,0.04,0.005714286,0.022857143,0.01,0.097142857,0.118571429,0.28,0.07,0.07,0,0.114285714,0.062857143,0,0.005714286,0.004615385,0.4,0.225714286,0.117142857,0.33,0.244285714,0.222142857,0,0.295714286,0.205,0,0.087142857,0.067142857,0,0.054285714,0.028571429
11723099999,6/21/13,0,0.08,0.18,0,0.005714286,0.022857143,0.07,0.097142857,0.077142857,0.19,0.067142857,0.063571429,0,0.068571429,0.062857143,0,0.008571429,0.026153846,0.24,0.234285714,0.117142857,0.67,0.244285714,0.205,0,0.295714286,0.206428571,0.08,0.011428571,0.062142857,0,0.054285714,0.031428571
11723099999,6/22/13,0.19,0.332857143,0.18,0,0.005714286,0.022857143,0,0.097142857,0.056428571,0,0.067142857,0.063571429,0,0.067142857,0.062857143,0.04,0.01,0.030769231,0,0.234285714,0.117142857,0.06,0.302857143,0.205714286,1.27,0.385714286,0.206428571,0,0.034285714,0.062142857,0.26,0.037142857,0.03
11723099999,6/23/13,0.01,0.332857143,0.167857143,0,0.045714286,0.055714286,0.59,0.095714286,0.050714286,0,0.081428571,0.046428571,0.47,0.072857143,0.06,0,0.01,0.030769231,0.94,0.234285714,0.117142857,0,0.265714286,0.220714286,0.8,0.385714286,0.230714286,0,0.034285714,0.062142857,0,0.037142857,0.03
11723099999,6/24/13,0.36,0.335714286,0.169285714,0,0.04,0.08,0,0.094285714,0.050714286,0,0.047142857,0.055714286,0,0.072857143,0.037142857,0.02,0.01,0.030769231,0.06,0.177142857,0.117142857,0,0.224285714,0.220714286,0,0.41,0.232857143,0,0.034285714,0.024285714,0,0.037142857,0.03
11723099999,6/25/13,1.77,0.335714286,0.169285714,0,0.04,0.08,0,0.088571429,0.050714286,0,0.022857143,0.055714286,0,0.072857143,0.037142857,NaN,0.056666667,0.030769231,0,0.142857143,0.168571429,0.52,0.128571429,0.216428571,0.63,0.412857143,0.234285714,0.16,0.037142857,0.027142857,0,0.042857143,0.021428571
11723099999,6/26/13,0,0.308571429,0.169285714,0.28,0.04,0.085714286,0,0.088571429,0.05,0.1,0.022857143,0.090714286,0.04,0.072857143,0.037142857,0,0.06,0.030769231,0,0.142857143,0.168571429,0.28,0.167142857,0.180714286,0,0.231428571,0.234285714,0,0.037142857,0.027142857,0,0.005714286,0.021428571
11723099999,6/27/13,0.02,0.307142857,0.169285714,0,0.105714286,0.082857143,0,0.004285714,0.049285714,0.04,0.022857143,0.070714286,0,0.005714286,0.037142857,0,0.06,0.030769231,0,0.008571429,0.14,0.04,0.197142857,0.16,0.17,0.165714286,0.234285714,0,0.037142857,0.027142857,0,0.005714286,0.021428571
11723099999,6/28/13,0,0.258571429,0.169285714,0,0.154285714,0.087857143,0.03,0.004285714,0.044285714,0.02,0.044285714,0.057142857,0,0.005714286,0.037142857,0.28,0.056666667,0.030769231,0,0,0.122857143,0,0.197142857,0.112142857,0.02,0.17,0.234285714,0.1,0.037142857,0.021428571,0.04,0.005714286,0.021428571
11723099999,6/29/13,0,0.005714286,0.155714286,0,0.154285714,0.092142857,0,0.004285714,0.044285714,0,0.044285714,0.057142857,0,0.007142857,0.037142857,0.06,0.048571429,0.038461538,0,0.102857143,0.122857143,0.33,0.13,0.107857143,0,0.082857143,0.143571429,0,0.02,0.048571429,0,0.005714286,0.072857143
11723099999,6/30/13,0,0.005714286,0.155,0.46,0.125714286,0.092142857,0,0.004285714,0.002142857,0,0.1,0.057142857,0,0.001428571,0.025,0,0.048571429,0.043076923,0,0.102857143,0.055714286,0.21,0.095714286,0.107857143,0.34,0.082857143,0.086428571,0,0.02,0.048571429,0,0.005714286,0.072857143
11723099999,7/1/13,0.02,0.002857143,0.129285714,0.34,0.125714286,0.092142857,0,0.004285714,0.002142857,0.15,0.094285714,0.057142857,0,0.001428571,0.06,0,0.048571429,0.041538462,0,0.102857143,0.053571429,0,0.095714286,0.107857143,0.03,0.058571429,0.097142857,0,0.02,0.05,0,0.005714286,0.072857143
11723099999,7/2/13,0,0.002857143,0.002857143,0,0.135714286,0.103571429,0,0,0.021428571,0,0.091428571,0.057142857,0.01,0.001428571,0.06,0,0.008571429,0.038571429,0.72,0.102857143,0.053571429,0.05,0.095714286,0.075,0.02,0.055714286,0.076428571,0.04,0.005714286,0.038571429,0,0,0.072857143
11723099999,7/3/13,0,0.002857143,0.002857143,0.08,0.144285714,0.083571429,0,0,0.021428571,0.49,0.091428571,0.05,0,0.001428571,0.057142857,0,0.02,0.038571429,0,0.102857143,0.053571429,0.04,0.048571429,0.055,0,0.055714286,0.076428571,0,0.06,0.04,0,0.14,0.072857143
11723099999,7/4/13,0,0.002857143,0.010714286,0,0.078571429,0.086428571,0,0,0.021428571,0,0.091428571,0.047142857,0,0.044285714,0.075714286,0,0.028571429,0.047142857,0,0.102857143,0.053571429,0.04,0.018571429,0.060714286,0,0.007142857,0.064285714,0,0.06,0.04,0,0.14,0.074285714
11723099999,7/5/13,0,0,0.010714286,0.07,0.03,0.096428571,0,0,0.019285714,0,0.07,0.047857143,0,0.114285714,0.075714286,0,0.028571429,0.027142857,0,0.107142857,0.054285714,0,0.018571429,0.104285714,0,0.024285714,0.101428571,0,0.062857143,0.032857143,0,0.14,0.072142857
11723099999,7/6/13,0,0,0.010714286,0.06,0.052857143,0.096428571,0,0.038571429,0.021428571,0,0.07,0.114285714,0,0.112857143,0.076428571,0.14,0.028571429,0.022857143,0,0.004285714,0.090714286,0,0.02,0.080714286,0,0.07,0.101428571,0.38,0.057142857,0.032857143,0.98,0.14,0.072142857
11723099999,7/7/13,0,0,0.010714286,0,0.041428571,0.063571429,0,0.038571429,0.024285714,0,0,0.152142857,0.3,0.112857143,0.076428571,0.06,0.028571429,0.022857143,0,0.004285714,0.114285714,0,0.014285714,0.065714286,0,0.07,0.078571429,0,0.06,0.032857143,0,0.14,0.074285714
11723099999,7/8/13,0,0.018571429,0.009285714,0,0.047142857,0.042142857,0,0.038571429,0.025714286,0,0,0.147857143,0.49,0.15,0.077142857,0,0.045714286,0.022857143,0.03,0.004285714,0.114285714,0,0.025714286,0.065714286,0.15,0.07,0.090714286,0.02,0.06,0.065714286,0,0.142857143,0.074285714
11723099999,7/9/13,0,0.018571429,0.009285714,0.16,0.057142857,0.048571429,0.27,0.038571429,0.027857143,0,0.004285714,0.147857143,0,0.15,0.095,0,0.045714286,0.022857143,0,0.005714286,0.079285714,0.06,0.112857143,0.065,0.34,0.147142857,0.089285714,0,0.06,0.062857143,0,0.144285714,0.074285714
11723099999,7/10/13,0,0.018571429,0.009285714,0,0.048571429,0.053571429,0,0.042857143,0.027857143,0,0.137142857,0.12,0,0.151428571,0.095,0,0.025714286,0.022857143,0,0.078571429,0.079285714,0,0.112857143,0.065714286,0,0.147142857,0.089285714,0.02,0.005714286,0.062857143,0,0.004285714,0.074285714
11723099999,7/11/13,0.13,0.018571429,0.009285714,0.04,0.048571429,0.053571429,0,0.048571429,0.035714286,0,0.212857143,0.126428571,0.26,0.108571429,0.095,0.12,0.017142857,0.026428571,0,0.125714286,0.079285714,0.12,0.112857143,0.092857143,0,0.15,0.089285714,0,0.005714286,0.062857143,0.02,0.008571429,0.106428571
11723099999,7/12/13,0,0.018571429,0.009285714,0.14,0.054285714,0.051428571,0,0.051428571,0.037142857,0.03,0.225714286,0.126428571,0,0.04,0.095,0,0.017142857,0.031428571,0.01,0.121428571,0.079285714,0.61,0.112857143,0.097142857,0.54,0.157142857,0.089285714,0,0.068571429,0.062857143,0.01,0.008571429,0.106428571
11723099999,7/13/13,0,0.018571429,0.009285714,0,0.044285714,0.047142857,0.03,0.017142857,0.037142857,0.93,0.225714286,0.126428571,0.01,0.077142857,0.095,0,0.017142857,0.021428571,0.51,0.154285714,0.081428571,0,0.11,0.097142857,0,0.108571429,0.089285714,0,0.068571429,0.035714286,0,0.008571429,0.036428571
11723099999,7/14/13,0,0.018571429,0.009285714,0,0.065714286,0.047142857,0.04,0.017142857,0.037142857,0.53,0.24,0.126428571,0,0.077142857,0.135714286,0,0.017142857,0.017142857,0.33,0.154285714,0.081428571,0,0.117142857,0.100714286,0.02,0.108571429,0.089285714,0,0.065714286,0.035714286,0.03,0.008571429,0.036428571
11723099999,7/15/13,0,0,0.009285714,0.04,0.06,0.103571429,0.02,0.032857143,0.037142857,0.09,0.252857143,0.130714286,0.01,0.04,0.100714286,0,0.007142857,0.017857143,0,0.154285714,0.082857143,0,0.16,0.132142857,0.2,0.108571429,0.078571429,0.46,0.065714286,0.035,0,0.07,0.047857143
11723099999,7/16/13,0,0,0.009285714,0.09,0.045714286,0.123571429,0.03,0.035714286,0.017857143,0,0.248571429,0.131428571,0.26,0.04,0.100714286,0,0.017142857,0.109285714,0.23,0.152857143,0.082857143,0.04,0.081428571,0.127857143,0,0.031428571,0.054285714,0,0.065714286,0.035,0,0.068571429,0.047857143
11723099999,7/17/13,0,0,0.009285714,0.15,0.045714286,0.137142857,0,0.031428571,0.02,0.1,0.115714286,0.132142857,0,0.038571429,0.114285714,0,0.017142857,0.109285714,0,0.084285714,0.082857143,0.05,0.081428571,0.133571429,0,0.031428571,0.054285714,0,0.065714286,0.035,0,0.068571429,0.047857143
11723099999,7/18/13,0,0,0,0,0.045714286,0.134285714,0.11,0.025714286,0.02,0.09,0.04,0.132142857,0,0.162857143,0.140714286,0.05,0.017142857,0.100714286,0,0.037142857,0.082857143,0.42,0.088571429,0.125,0,0.028571429,0.063571429,0,0.065714286,0.035,0.45,0.064285714,0.046428571
11723099999,7/19/13,0,0,0.000714286,0.04,0.152857143,0.124285714,0.02,0.022857143,0.047142857,0,0.035714286,0.140714286,0,0.161428571,0.140714286,0.07,0.018571429,0.136428571,0,0.044285714,0.082142857,0.06,0.151428571,0.081428571,0,0,0.063571429,0,0.001428571,0.099285714,0,0.087142857,0.055714286
11723099999,7/20/13,0,0,0.000714286,0,0.202857143,0.124285714,0,0.018571429,0.046428571,0,0.037142857,0.077142857,0,0.124285714,0.148571429,0,0.201428571,0.165714286,0.03,0.011428571,0.046428571,0,0.145714286,0.085714286,0,0,0.065714286,0,0.001428571,0.115714286,0,0.087142857,0.055714286
11723099999,7/21/13,0,0,0.000714286,0,0.208571429,0.124285714,0,0.022857143,0.079285714,0,0.024285714,0.061428571,0.87,0.151428571,0.151428571,0,0.201428571,0.166428571,0,0.011428571,0.027857143,0.05,0.15,0.085714286,0,0,0.064285714,0,0.004285714,0.119285714,0,0.087142857,0.056428571
11723099999,7/22/13,0,0,0.000714286,0.79,0.208571429,0.121428571,0,0.007142857,0.082142857,0.06,0.011428571,0.056428571,0,0.241428571,0.150714286,0.01,0.194285714,0.166428571,0.05,0.011428571,0.035,0.44,0.09,0.09,0,0.018571429,0.051428571,0.01,0.004285714,0.086428571,0.16,0.022857143,0.061428571
11723099999,7/23/13,0,0.001428571,0.000714286,0.44,0.202857143,0.115,0,0.058571429,0.080714286,0.01,0.032857143,0.066428571,0,0.241428571,0.132142857,1.28,0.255714286,0.166428571,0,0.011428571,0.018571429,0,0.081428571,0.087142857,0,0.095714286,0.051428571,0,0.132857143,0.090714286,0,0.042857143,0.076428571
11723099999,7/24/13,0,0.001428571,0.002142857,0.19,0.202857143,0.112142857,0.03,0.061428571,0.080714286,0.01,0.038571429,0.059285714,0.19,0.258571429,0.132142857,0,0.314285714,0.166428571,0,0.008571429,0.029285714,0.08,0.09,0.083571429,0,0.1,0.051428571,0.02,0.165714286,0.152142857,0,0.042857143,0.082142857
11723099999,7/25/13,0,0.001428571,0.002142857,0,0.202857143,0.211428571,0,0.132857143,0.072857143,0,0.082857143,0.119285714,0.63,0.14,0.132142857,0,0.315714286,0.162857143,0,0.018571429,0.035,0,0.082857143,0.053571429,0.13,0.1,0.06,0,0.172857143,0.152142857,0,0.048571429,0.05
11723099999,7/26/13,0.01,0.001428571,0.002142857,0,0.09,0.208571429,0.38,0.141428571,0.071428571,0.15,0.077142857,0.119285714,0,0.14,0.132142857,0.5,0.314285714,0.157857143,0,0.025714286,0.035,0,0.028571429,0.049285714,0.54,0.102857143,0.087142857,0.9,0.171428571,0.153571429,0.14,0.035714286,0.080714286
11723099999,7/27/13,0,0.001428571,0.002142857,0,0.027142857,0.208571429,0.02,0.142857143,0.072142857,0.04,0.095714286,0.119285714,0.12,0.14,0.132142857,0.41,0.131428571,0.157857143,0.01,0.025714286,0.032857143,0.06,0.028571429,0.067142857,0.03,0.102857143,0.090714286,0.23,0.18,0.153571429,0,0.065714286,0.082857143
11723099999,7/28/13,0,0.004285714,0.002142857,0,0.015714286,0.313571429,0.5,0.138571429,0.072142857,0.31,0.094285714,0.119285714,0.04,0.112857143,0.075714286,0.01,0.131428571,0.157857143,0.07,0.047142857,0.048571429,0,0.017142857,0.135,0,0.102857143,0.113571429,0.05,0.3,0.153571429,0.04,0.077142857,0.086428571
11723099999,7/29/13,0,0.004285714,0.09,0,0.214285714,0.257857143,0.06,0.138571429,0.072142857,0.02,0.227142857,0.115,0,0.022857143,0.075714286,0,0.131428571,0.157142857,0.1,0.058571429,0.045,0.06,0.017142857,0.112857143,0.02,0.101428571,0.206428571,0,0.3,0.152857143,0.07,0.077142857,0.077857143
11723099999,7/30/13,0,0.002857143,0.09,0,0.214285714,0.226428571,0.01,0.084285714,0.072142857,0.14,0.205714286,0.157142857,0,0.022857143,0.081428571,0,0.06,0.065714286,0,0.058571429,0.045,0,0.017142857,0.112857143,0,0.078571429,0.223571429,0.06,0.174285714,0.175714286,0.21,0.118571429,0.179285714
11723099999,7/31/13,0.02,0.002857143,0.095,0.11,0.214285714,0.212857143,0,0.082857143,0.07,0,0.2,0.156428571,0,0.005714286,0.069285714,0,0.001428571,0.065714286,0.15,0.057142857,0.045,0,0.044285714,0.107142857,0,0.081428571,0.224285714,0.86,0.141428571,0.181428571,0.08,0.122857143,0.206428571
11723099999,8/1/13,0,0.002857143,0.095,1.39,0.424285714,0.212857143,0,0.011428571,0.07,0.93,0.155714286,0.156428571,0,0.011428571,0.024285714,0,0,0.065714286,0.08,0.078571429,0.1,0,0.187142857,0.107142857,0.12,0.127142857,0.227857143,0,0.134285714,0.181428571,0,0.124285714,0.235714286
11723099999,8/2/13,0,0.178571429,0.094285714,0,0.425714286,0.212857143,0,0.002857143,0.042857143,0,0.152857143,0.145714286,0,0.011428571,0.024285714,0,0,0.043571429,0,0.064285714,0.1,0,0.197142857,0.107142857,0.38,0.31,0.208571429,0.02,0.134285714,0.117142857,0.43,0.12,0.227142857
11723099999,8/3/13,0,0.178571429,0.154285714,0,0.425714286,0.212857143,0.01,0.001428571,0.041428571,0,0.218571429,0.177857143,0,0.022857143,0.051428571,0,0,0.014285714,0,0.064285714,0.099285714,0.25,0.197142857,0.102857143,0.05,0.344285714,0.206428571,0,0.171428571,0.100714286,0.03,0.292857143,0.252142857
11723099999,8/4/13,0,0.185714286,0.154285714,1.47,0.41,0.212857143,0,0.001428571,0.005714286,0,0.218571429,0.160714286,0.08,0.025714286,0.072857143,0,0,0.016428571,0.22,0.042857143,0.114285714,1,0.197142857,0.102857143,0.32,0.345714286,0.206428571,0,0.062857143,0.097142857,0.05,0.335714286,0.249285714
11723099999,8/5/13,1.23,0.185714286,0.154285714,0.01,0.211428571,0.219285714,0,0.001428571,0.001428571,0,0.085714286,0.159285714,0,0.025714286,0.072857143,0,0,0.016428571,0,0.141428571,0.107142857,0.13,0.197142857,0.098571429,1.3,0.354285714,0.205,0,0.062857143,0.097142857,0.04,0.394285714,0.244285714
11723099999,8/6/13,0,0.185714286,0.154285714,0,0.211428571,0.231428571,0,0.001428571,0.000714286,0.6,0.085714286,0.15,0.08,0.025714286,0.072857143,0,0.027142857,0.016428571,0,0.141428571,0.158571429,0,0.197142857,0.098571429,0.24,0.338571429,0.205,0.32,0.06,0.092857143,1.42,0.335714286,0.229285714
11723099999,8/7/13,0.07,0.305714286,0.152857143,0,0.211428571,0.252857143,0,0,0.000714286,0,0.155714286,0.15,0.02,0.097142857,0.072857143,0,0.027142857,0.016428571,0,0.141428571,0.149285714,0,0.161428571,0.098571429,0.01,0.331428571,0.205,0.1,0.06,0.031428571,0.38,0.381428571,0.223571429
11723099999,8/8/13,0,0.305714286,0.152857143,0,0.001428571,0.153571429,0,0,0.000714286,0,0.165714286,0.083571429,0,0.134285714,0.072857143,0,0.032857143,0.016428571,0.77,0.15,0.143571429,0,0.018571429,0.151428571,0.18,0.285714286,0.196428571,0,0.06,0.031428571,0.41,0.374285714,0.223571429
11723099999,8/9/13,0,0.13,0.152857143,0,0.012857143,0.156428571,0,0,0.000714286,0,0.165714286,0.083571429,0,0.134285714,0.072857143,0.19,0.032857143,0.016428571,0,0.15,0.144285714,0,0,0.152142857,0.27,0.1,0.169285714,0,0.06,0.03,0.02,0.368571429,0.192857143
11723099999,8/10/13,0.84,0.13,0.152857143,0,0.037142857,0.166428571,0,0,0.005714286,0.49,0.081428571,0.083571429,0.5,0.122857143,0.072857143,0,0.032857143,0.016428571,0,0.252857143,0.145,0,0,0.134285714,0,0.065714286,0.237142857,0,0.014285714,0.03,0.35,0.165714286,0.190714286
11723099999,8/11/13,0,0.12,0.152857143,0,0.095714286,0.061428571,0,0,0.102142857,0.07,0.081428571,0.083571429,0.34,0.12,0.067142857,0.04,0.032857143,0.016428571,0.28,0.255714286,0.129285714,0,0,0.073571429,0,0.064285714,0.215,0,0,0.03,0,0.111428571,0.187142857
11723099999,8/12/13,0,0.12,0.065,0.09,0.095714286,0.065714286,0,0,0.197857143,0,0.081428571,0.083571429,0,0.12,0.067142857,0,0.032857143,0.017857143,0,0.145714286,0.129285714,0,0.105714286,0.12,0,0.038571429,0.122142857,0,0,0.030714286,0,0.052857143,0.184285714
11723099999,8/13/13,0,0.12,0.126428571,0.17,0.101428571,0.086428571,0,0,0.233571429,0.01,0.081428571,0.040714286,0,0.12,0.066428571,0,0.005714286,0.017857143,0.72,0.147142857,0.129285714,0,0.107142857,0.12,0,0,0.105,0,0,0.01,0,0.05,0.082857143
11723099999,8/14/13,0,0,0.121428571,0.41,0.121428571,0.110714286,0,0.011428571,0.233571429,0,0.011428571,0.042857143,0,0.048571429,0.065,0,0.005714286,0.017857143,0.02,0.148571429,0.16,0,0.107142857,0.12,0,0.142857143,0.104285714,0,0,0.097857143,0,0,0.055714286
11723099999,8/15/13,0,0,0.121428571,0,0.121428571,0.115714286,0,0.204285714,0.233571429,0,0.001428571,0.125,0,0,0.065,0,0,0.017857143,0,0.108571429,0.105,0.74,0.128571429,0.12,0,0.144285714,0.091428571,0,0,0.19,0,0,0.026428571
11723099999,8/16/13,0,0,0.121428571,0.04,0.118571429,0.115714286,0,0.395714286,0.233571429,0,0.001428571,0.125,0,0,0.065,0,0.002857143,0.004285714,0.01,0.108571429,0.105,0.01,0.24,0.126428571,0,0.144285714,0.106428571,0,0.001428571,0.195714286,0,0,0.041428571
11723099999,8/17/13,0,0.122857143,0.061428571,0.14,0.135714286,0.125714286,0.08,0.467142857,0.233571429,0,0,0.09,0,0.01,0.029285714,0,0.002857143,0.004285714,0.01,0.005714286,0.105,0,0.24,0.126428571,1,0.144285714,0.106428571,0,0.005714286,0.195714286,0,0,0.016428571
11723099999,8/18/13,0,0.122857143,0.061428571,0,0.125714286,0.13,1.35,0.467142857,0.234285714,0,0.004285714,0.085,0,0.01,0.005,0,0.002857143,0.015714286,0,0.064285714,0.088571429,0.15,0.24,0.126428571,0.01,0.144285714,0.106428571,0,0.195714286,0.195714286,0,0,0.016428571
11723099999,8/19/13,0,0.122857143,0.087142857,0.07,0.135714286,0.126428571,1.34,0.467142857,0.236428571,0,0.168571429,0.085,0,0.01,0.005,0.02,0.002857143,0.032857143,0,0.064285714,0.091428571,0.78,0.134285714,0.126428571,0,0.144285714,0.107857143,0.01,0.38,0.195714286,0,0,0.017142857
11723099999,8/20/13,0.86,0.122857143,0.089285714,0.29,0.13,0.168571429,0.5,0.467142857,0.236428571,0,0.168571429,0.084285714,0.07,0.01,0.005,0,0.002857143,0.032857143,0,0.062857143,0.069285714,0,0.145714286,0.126428571,0,0.212857143,0.12,0.03,0.391428571,0.233571429,0,0.032857143,0.079285714
11723099999,8/21/13,0,0.122857143,0.095714286,0.34,0.13,0.152857143,0,0.455714286,0.236428571,0.03,0.168571429,0.084285714,0,0.01,0.005714286,0,0.002857143,0.032857143,0.43,0.061428571,0.067857143,0,0.145714286,0.126428571,0,0.07,0.175714286,1.33,0.391428571,0.261428571,0,0.032857143,0.079285714
11723099999,8/22/13,0,0.122857143,0.097142857,0.07,0.138571429,0.152857143,0,0.264285714,0.236428571,1.15,0.168571429,0.084285714,0,0.01,0.005714286,0,0.031428571,0.032857143,0,0.068571429,0.067857143,0,0.124285714,0.076428571,0,0.068571429,0.179285714,1.29,0.391428571,0.270714286,0,0.032857143,0.145714286
11723099999,8/23/13,0,0.174285714,0.098571429,0,0.134285714,0.15,0,0.077142857,0.236428571,0,0.168571429,0.088571429,0,0.01,0.005714286,0,0.062857143,0.032857143,0,0.074285714,0.069285714,0.09,0.012857143,0.140714286,0.48,0.071428571,0.186428571,0.08,0.39,0.270714286,0.23,0.034285714,0.160714286
11723099999,8/24/13,0,0.055714286,0.098571429,0.14,0.201428571,0.142857143,0,0.005714286,0.230714286,0,0.168571429,0.088571429,0,0,0.005714286,0,0.062857143,0.035,0,0.132857143,0.068571429,0,0.012857143,0.141428571,0,0.095714286,0.116428571,0,0.461428571,0.270714286,0,0.158571429,0.161428571
11723099999,8/25/13,0,0.068571429,0.106153846,0.06,0.18,0.153846154,0.01,0.005714286,0.144615385,0,0.164285714,0.095384615,0,0.001428571,0.006153846,0.2,0.062857143,0.037692308,0.05,0.071428571,0.073846154,0,0.012857143,0.140769231,0,0.207142857,0.124615385,0,0.327142857,0.291538462,0,0.158571429,0.173846154
11723099999,8/26/13,0.36,0.071428571,0.115,0.04,0.17,0.160833333,0.03,0.005714286,0.045,0,0,0.103333333,0,0.001428571,0.006666667,0.24,0.062857143,0.039166667,0.04,0.071428571,0.08,0,0.018571429,0.0875,0.02,0.214285714,0.135,0,0.161428571,0.315,0.01,0.291428571,0.188333333
11723099999,8/27/13,0.03,0.074285714,0.047272727,0.76,0.17,0.149090909,0,0.005714286,0.003636364,0,0.008571429,0.112727273,0,0.001428571,0.000909091,0,0.062857143,0.042727273,0.41,0.075714286,0.087272727,0,0.135714286,0.095454545,0.17,0.16,0.147272727,0.53,0.15,0.340909091,0.87,0.288571429,0.205454545
11723099999,8/28/13,0.09,0.074285714,0.052,0.19,0.155714286,0.13,0,0.005714286,0.004,0,0.008571429,0.121,0.01,0.001428571,0.001,0,0.067142857,0.047,0,0.075714286,0.053,0,0.137142857,0.105,0.78,0.162857143,0.162,0.39,0.15,0.242,0,0.29,0.226
11723099999,8/29/13,0.02,0.086666667,0.057777778,0,0.171666667,0.136666667,0,0.005,0.004444444,0,0.01,0.006666667,0,0.001666667,0.001111111,0,0.045,0.052222222,0,0.08,0.058888889,0.04,0.16,0.116666667,0.05,0.19,0.18,0.13,0.175,0.125555556,0.93,0.338333333,0.251111111
11723099999,8/30/13,0.02,0.032,0.065,0,0.198,0.15375,0,0,0.005,0.06,0.012,0.0075,0,0.002,0.00125,0,0.006,0.05875,0.03,0.088,0.06625,0.91,0.192,0.12,0.1,0.224,0.1425,0,0.21,0.13125,0.21,0.404,0.25375
11723099999,8/31/13,0,0.0325,0.074285714,0.04,0.0575,0.155714286,0,0,0.005714286,0,0.015,0.008571429,0,0.0025,0.001428571,0.03,0.0075,0.067142857,0,0.0075,0.075714286,0.01,0.24,0.137142857,0.02,0.2375,0.162857143,0,0.13,0.15,0.01,0.2875,0.29